ID,Sex,Marital status,Age,Education,Income,Occupation,Settlement size
100000001,0,1,69,1,132517,1,1
100000002,0,0,42,1,55560,0,1
100000003,1,0,42,3,115802,1,0
100000004,0,0,37,2,69573,1,0
100000005,0,0,46,2,125922,1,1
100000006,1,0,31,1,51261,0,2
100000007,0,0,44,1,56854,0,1
100000008,0,0,33,2,89562,1,0
100000009,1,0,31,1,79060,0,2
100000010,1,0,38,0,26858,0,0
100000011,0,0,36,2,92843,1,0
100000012,1,0,18,1,60616,0,1
100000013,1,1,61,2,122430,1,1
100000014,0,0,38,2,84744,1,0
100000015,0,0,18,1,79338,1,1
100000016,1,1,49,2,148831,2,1
100000017,1,1,36,1,112791,1,0
100000018,1,0,39,2,131350,1,2
100000019,1,1,45,3,99895,1,1
100000020,1,1,26,2,105139,1,0
100000021,1,1,18,0,64922,1,0
100000022,0,0,35,0,67974,1,0
100000023,1,1,39,2,114851,1,1
100000024,0,0,49,2,129085,1,1
100000025,0,1,27,0,33482,0,0
100000026,1,0,33,0,44210,1,0
100000027,0,0,41,1,67675,0,1
100000028,1,0,33,2,117729,1,2
100000029,1,0,34,0,42747,0,1
100000030,0,0,40,1,73236,1,0
100000031,0,0,25,2,75313,1,1
100000032,0,1,56,3,149302,1,2
100000033,0,0,25,1,51152,0,2
100000034,1,0,37,0,42236,0,0
100000035,0,0,33,0,67541,1,2
100000036,0,1,28,2,127040,2,0
100000037,1,1,43,1,79787,0,0
100000038,0,0,49,3,153419,1,0
100000039,1,1,54,3,141766,2,1
100000040,0,1,43,3,100872,1,0
100000041,0,1,31,1,59434,0,0
100000042,0,1,47,1,56349,0,1
100000043,0,0,19,0,59759,1,2
100000044,0,0,37,2,133273,2,1
100000045,1,0,43,1,81969,0,2
100000046,1,1,43,2,112584,1,0
100000047,0,0,23,1,38361,0,0
100000048,0,1,18,0,43378,1,0
100000049,0,1,56,2,108619,1,0
100000050,1,1,30,2,110034,1,1
100000051,0,0,18,0,66348,1,0
100000052,1,0,21,1,65254,0,0
100000053,0,1,36,1,61174,0,0
100000054,0,0,50,2,131314,2,2
100000055,1,0,36,0,74554,1,2
100000056,1,0,51,3,137713,1,2
100000057,0,0,39,2,90562,1,2
100000058,0,0,42,2,85818,1,0
100000059,0,0,48,3,101882,1,1
100000060,0,1,32,0,45630,0,0
100000061,0,0,40,1,66010,0,0
100000062,1,1,31,1,42182,0,0
100000063,0,0,28,1,67121,0,0
100000064,0,1,44,2,118363,1,2
100000065,1,0,26,1,57767,0,1
100000066,0,0,37,2,121110,1,2
100000067,0,0,27,2,100325,1,1
100000068,1,0,35,2,78436,1,0
100000069,1,0,30,2,88045,1,1
100000070,0,1,49,1,57190,0,1
100000071,1,0,37,1,77305,0,1
100000072,0,1,37,2,93807,1,0
100000073,0,1,56,3,154794,1,2
100000074,0,1,18,1,34903,0,0
100000075,0,0,22,0,20000,0,0
100000076,1,1,18,0,54381,0,1
100000077,0,1,36,1,107701,1,2
100000078,1,1,41,2,77423,1,0
100000079,0,1,43,3,146536,1,2
100000080,0,0,39,1,71556,1,0
100000081,0,0,25,0,65750,0,1
100000082,1,1,57,1,99664,0,2
100000083,1,1,39,2,108123,2,0
100000084,0,1,32,0,53929,0,2
100000085,0,1,22,0,38957,0,1
100000086,0,0,41,2,71786,1,2
100000087,1,1,30,1,100574,1,2
100000088,0,0,30,1,50284,0,0
100000089,0,0,38,1,72094,0,0
100000090,0,1,38,1,28111,0,1
100000091,0,1,26,1,61901,0,0
100000092,1,1,50,2,106165,1,0
100000093,1,0,23,0,33790,0,2
100000094,1,0,22,1,92997,0,2
100000095,1,0,39,2,116927,1,1
100000096,1,0,37,0,39758,0,1
100000097,1,1,36,2,82903,1,0
100000098,1,1,30,0,56289,0,1
100000099,0,0,36,0,70575,0,0
100000100,1,0,29,2,96551,1,0
100000101,0,1,18,0,39953,0,2
100000102,0,0,44,2,135259,1,1
100000103,1,0,23,1,48587,0,1
100000104,1,1,33,1,96499,1,0
100000105,1,1,44,2,126914,1,2
100000106,0,1,36,1,73881,0,2
100000107,0,1,68,1,92509,0,2
100000108,0,0,18,0,38008,0,2
100000109,1,0,26,0,64351,1,1
100000110,0,0,36,1,115822,1,2
100000111,0,1,51,3,148792,2,1
100000112,0,1,32,1,43721,0,0
100000113,0,1,18,0,77771,1,1
100000114,1,0,49,3,171128,2,2
100000115,1,0,24,1,51388,0,0
100000116,0,0,33,0,76477,0,2
100000117,0,0,46,3,136522,1,2
100000118,0,0,27,2,150161,2,2
100000119,1,0,30,1,61446,0,1
100000120,0,0,41,1,73088,1,0
100000121,0,0,33,1,58984,0,1
100000122,0,0,39,1,63981,0,0
100000123,1,1,24,0,37367,0,0
100000124,1,0,34,2,112921,2,1
100000125,0,0,22,1,56956,0,2
100000126,1,0,18,0,20000,0,0
100000127,0,1,56,2,102862,1,0
100000128,0,0,41,2,122400,1,0
100000129,0,1,46,3,134900,2,0
100000130,0,0,23,0,36029,0,2
100000131,1,0,35,1,69110,1,0
100000132,0,1,33,1,46013,0,0
100000133,0,0,18,1,79472,1,2
100000134,1,1,42,3,109994,1,1
100000135,1,0,26,1,88475,1,0
100000136,1,0,33,0,45949,0,2
100000137,1,0,18,1,41308,0,0
100000138,0,1,47,1,105540,0,2
100000139,1,0,44,1,73396,0,1
100000140,1,1,40,3,167019,2,2
100000141,0,0,24,1,47041,0,0
100000142,0,0,29,2,120342,2,0
100000143,0,1,50,1,122277,1,0
100000144,1,0,32,0,27855,0,0
100000145,1,1,38,0,61729,0,1
100000146,1,0,37,2,95231,1,2
100000147,1,0,22,1,67711,1,0
100000148,0,0,53,1,83256,1,0
100000149,1,0,18,0,59813,1,1
100000150,0,1,38,2,94564,1,2
100000151,0,0,34,2,77889,1,2
100000152,0,0,18,1,53431,0,0
100000153,0,0,39,0,76319,1,1
100000154,0,1,41,3,168299,2,2
100000155,1,0,36,0,55305,0,1
100000156,1,0,25,1,60055,0,1
100000157,0,1,40,2,92992,1,1
100000158,1,1,48,2,99831,1,2
100000159,0,1,38,1,70981,0,1
100000160,1,0,56,2,129262,2,2
100000161,0,0,45,2,137847,1,2
100000162,1,0,44,3,136658,1,0
100000163,0,0,52,1,100051,1,0
100000164,1,0,27,2,125080,2,0
100000165,1,1,29,2,87577,1,0
100000166,1,1,41,3,105536,1,0
100000167,0,1,41,1,98809,0,0
100000168,1,1,53,3,127435,1,1
100000169,0,0,49,1,88541,0,0
100000170,0,0,37,0,41388,0,1
100000171,1,0,38,0,87914,1,2
100000172,0,0,32,0,53768,0,0
100000173,0,0,31,1,30797,0,0
100000174,1,1,30,2,95392,2,1
100000175,1,0,46,2,99963,1,1
100000176,1,1,29,1,68495,1,0
100000177,1,0,31,0,61160,1,0
100000178,1,0,37,2,100004,1,2
100000179,0,0,29,2,85806,1,1
100000180,1,0,32,0,41835,0,2
100000181,0,0,18,1,49696,1,0
100000182,1,1,40,2,102882,1,0
100000183,0,0,32,2,111426,2,1
100000184,0,0,38,2,79836,1,0
100000185,1,1,40,1,73144,1,1
100000186,1,0,18,0,34070,0,2
100000187,1,0,64,2,108903,1,2
100000188,1,1,37,0,75955,1,1
100000189,1,1,38,0,71735,1,0
100000190,0,0,18,0,46166,1,2
100000191,1,1,43,2,127805,2,2
100000192,0,0,41,3,123776,1,2
100000193,1,1,32,2,102773,1,0
100000194,1,1,39,2,85623,1,0
100000195,1,1,52,3,132964,1,2
100000196,1,1,32,2,75791,1,0
100000197,0,1,26,2,87879,1,2
100000198,1,1,53,1,90961,1,1
100000199,0,0,40,1,126842,0,2
100000200,1,0,35,2,118018,1,1
100000201,0,1,64,3,156852,2,0
100000202,0,1,39,0,66684,0,2
100000203,1,0,35,1,43838,0,1
100000204,0,0,40,1,55989,0,1
100000205,0,0,32,2,118198,1,2
100000206,1,1,39,1,69992,0,1
100000207,0,1,39,2,132960,2,0
100000208,1,1,29,1,53874,0,0
100000209,0,0,34,2,136854,2,2
100000210,1,0,40,2,135273,2,2
100000211,0,0,41,1,71247,0,0
100000212,0,1,44,3,121285,1,0
100000213,1,0,46,2,126553,1,1
100000214,1,1,40,2,105876,1,2
100000215,0,0,43,1,89668,1,1
100000216,0,1,32,0,39044,0,1
100000217,0,0,33,0,49832,0,1
100000218,0,0,49,1,96572,1,0
100000219,1,0,18,0,51108,1,0
100000220,0,0,41,3,100597,1,2
100000221,1,0,74,2,134464,2,0
100000222,1,0,18,1,52997,0,2
100000223,0,1,54,1,84925,0,2
100000224,0,1,18,1,35514,0,0
100000225,0,1,41,2,120912,2,1
100000226,1,0,56,2,123873,1,0
100000227,1,1,54,3,140567,1,1
100000228,0,0,25,0,56610,0,0
100000229,0,0,20,0,27497,1,0
100000230,1,0,19,0,23260,0,1
100000231,1,1,44,3,105082,1,1
100000232,0,0,31,0,83246,1,1
100000233,0,1,36,0,62821,0,1
100000234,1,0,39,0,46191,0,1
100000235,1,0,41,3,125385,2,0
100000236,0,1,42,1,68210,0,0
100000237,0,1,37,0,64646,0,0
100000238,0,0,18,1,67908,0,0
100000239,1,0,53,1,99484,1,2
100000240,0,0,18,0,51280,0,1
100000241,0,0,50,3,125800,1,1
100000242,0,0,28,1,76697,0,0
100000243,0,1,33,0,88611,0,1
100000244,1,1,29,2,113018,1,2
100000245,1,0,31,0,65541,0,2
100000246,0,1,35,0,21488,0,2
100000247,0,0,32,0,65680,0,2
100000248,0,0,22,0,20000,0,1
100000249,1,0,46,3,116610,1,1
100000250,1,0,29,0,51750,0,0
100000251,0,0,52,1,48643,0,0
100000252,1,0,34,0,85871,0,1
100000253,1,0,27,2,95173,1,2
100000254,0,1,41,2,118082,1,1
100000255,1,0,46,2,110377,1,2
100000256,0,1,24,0,53152,0,1
100000257,0,1,32,0,52574,1,0
100000258,1,1,53,2,123203,1,2
100000259,0,1,23,0,20000,0,0
100000260,1,0,25,2,99935,1,0
100000261,1,0,37,0,75458,1,0
100000262,1,0,21,0,35231,0,1
100000263,0,1,18,0,33397,0,1
100000264,0,1,18,0,49740,1,2
100000265,1,0,40,1,59603,0,1
100000266,1,0,43,3,118531,1,0
100000267,1,0,43,2,124484,2,0
100000268,1,1,40,3,123534,1,0
100000269,1,1,21,1,72639,0,1
100000270,0,1,44,2,143626,2,1
100000271,0,1,49,2,126876,1,2
100000272,0,1,27,1,57343,0,0
100000273,1,0,47,3,135234,2,0
100000274,0,0,31,1,73857,0,0
100000275,1,0,38,0,43147,0,1
100000276,1,0,40,2,105840,2,0
100000277,0,0,18,0,51126,0,2
100000278,1,1,53,2,114711,2,1
100000279,0,0,25,2,116907,2,2
100000280,0,0,34,1,55251,1,0
100000281,0,0,30,1,77853,1,2
100000282,1,1,41,1,123563,0,1
100000283,0,1,41,2,89966,1,2
100000284,0,0,36,1,90160,0,2
100000285,0,1,52,1,63342,0,0
100000286,1,0,39,0,37724,0,1
100000287,0,0,31,1,49196,0,2
100000288,0,0,18,0,59048,1,0
100000289,0,0,32,2,121508,2,2
100000290,0,1,32,0,41339,0,0
100000291,1,1,25,0,88142,1,1
100000292,1,1,25,2,65239,1,0
100000293,1,1,43,1,69146,1,2
100000294,1,1,48,1,106915,1,2
100000295,1,0,58,2,148378,1,2
100000296,1,1,49,3,138196,1,2
100000297,0,0,27,0,58105,0,0
100000298,1,0,39,0,83741,1,0
100000299,0,1,19,0,52044,0,2
100000300,0,0,44,2,117633,2,1
100000301,0,1,40,3,122929,1,1
100000302,1,0,28,0,91248,1,2
100000303,0,0,34,2,100504,1,0
100000304,0,0,32,2,99270,1,1
100000305,0,0,28,2,94002,1,0
100000306,1,1,51,3,141543,2,0
100000307,0,1,73,3,167586,1,2
100000308,0,0,45,2,106521,1,1
100000309,1,0,48,1,93745,0,0
100000310,0,0,37,1,82541,0,2
100000311,0,0,31,1,58621,0,0
100000312,1,0,62,3,112162,1,1
100000313,1,0,31,2,86771,2,1
100000314,1,1,40,2,111370,1,2
100000315,0,0,34,0,44555,0,1
100000316,1,0,43,2,145156,1,2
100000317,0,0,35,1,63945,0,2
100000318,0,0,43,1,78988,1,1
100000319,1,0,20,0,63813,1,0
100000320,0,0,34,2,62784,1,0
100000321,0,1,52,2,124673,1,2
100000322,0,0,23,1,49857,1,0
100000323,0,0,28,0,32598,1,2
100000324,0,1,52,1,61379,0,2
100000325,1,1,40,3,126333,1,2
100000326,1,1,48,2,111741,1,1
100000327,0,0,18,0,25895,0,0
100000328,0,0,37,0,47269,0,2
100000329,1,0,20,0,32069,0,0
100000330,0,1,19,1,49593,0,0
100000331,0,0,40,1,91055,1,1
100000332,0,0,50,3,144446,1,0
100000333,0,0,18,1,59013,0,0
100000334,0,0,22,1,69934,1,2
100000335,1,0,28,2,85756,1,1
100000336,1,1,34,2,86254,1,1
100000337,1,0,19,0,48444,0,2
100000338,1,0,63,1,111826,0,2
100000339,0,1,43,3,153938,1,2
100000340,1,0,31,2,108412,1,2
100000341,0,0,29,1,52217,0,1
100000342,0,1,63,2,107610,1,1
100000343,1,1,62,3,141289,2,2
100000344,1,0,30,2,114852,1,0
100000345,1,0,40,3,115004,1,1
100000346,1,1,51,3,149402,2,2
100000347,1,0,21,1,90301,0,2
100000348,0,0,28,2,94127,1,2
100000349,0,1,52,3,136465,1,2
100000350,0,0,27,2,109267,1,2
100000351,0,1,30,2,69812,1,1
100000352,1,0,19,1,25411,0,0
100000353,0,0,26,1,127655,1,1
100000354,1,1,44,2,114043,1,1
100000355,1,0,25,0,20000,0,0
100000356,0,0,20,0,30816,0,1
100000357,1,0,28,0,56365,1,0
100000358,0,0,57,1,105101,1,0
100000359,0,0,37,2,109656,1,2
100000360,1,1,28,2,78376,1,1
100000361,1,0,37,1,76140,0,2
100000362,0,1,41,3,165957,2,2
100000363,0,1,37,2,102223,1,2
100000364,1,0,18,0,20799,0,1
100000365,0,0,39,2,100456,2,0
100000366,0,0,33,0,23636,0,2
100000367,0,0,45,1,93084,0,1
100000368,0,0,19,1,78701,1,1
100000369,1,0,48,2,102641,1,0
100000370,0,1,29,0,41341,0,0
100000371,1,1,18,1,63666,0,0
100000372,0,1,51,2,100795,1,0
100000373,0,1,29,2,85022,1,2
100000374,1,0,40,3,128872,1,0
100000375,0,0,33,1,42748,1,0
100000376,0,0,48,2,114673,1,2
100000377,0,0,48,1,86465,0,0
100000378,0,1,49,3,150726,1,1
100000379,0,0,44,2,107737,1,1
100000380,0,1,18,0,28777,0,0
100000381,1,0,18,0,28153,0,0
100000382,0,1,37,2,127250,2,2
100000383,0,0,23,0,68330,1,2
100000384,1,0,41,3,142186,1,1
100000385,1,0,37,2,102561,1,0
100000386,0,0,18,0,63627,0,1
100000387,0,0,22,0,49728,0,1
100000388,1,0,21,0,27021,0,0
100000389,1,1,24,0,66867,1,2
100000390,1,0,32,2,159872,2,2
100000391,0,0,43,2,118957,2,1
100000392,0,1,51,1,106898,1,0
100000393,1,0,23,0,55790,1,2
100000394,1,1,28,0,54303,0,1
100000395,1,1,54,1,84603,0,2
100000396,1,1,46,2,104004,1,1
100000397,0,0,38,0,41220,0,1
100000398,0,0,18,1,41880,0,1
100000399,1,1,23,0,52411,0,2
100000400,1,0,37,2,131873,1,2
100000401,1,0,28,2,129891,2,2
100000402,1,1,59,3,130594,1,2
100000403,0,0,36,0,51107,0,0
100000404,0,1,38,2,58509,1,0
100000405,1,0,22,0,60005,1,1
100000406,0,0,22,1,89884,0,1
100000407,1,0,27,1,52254,1,2
100000408,1,0,27,1,55326,0,1
100000409,1,1,32,1,87005,0,2
100000410,0,0,39,2,133056,1,1
100000411,0,1,38,0,72817,0,1
100000412,1,1,47,1,61674,0,0
100000413,0,1,19,1,70661,0,0
100000414,1,1,38,0,105802,1,2
100000415,0,0,38,1,64151,0,1
100000416,0,1,54,3,161232,2,2
100000417,1,0,32,2,77936,1,0
100000418,1,1,39,1,65401,0,1
100000419,1,0,25,1,71537,0,0
100000420,0,0,40,3,95298,1,0
100000421,1,0,40,3,146771,1,2
100000422,1,0,27,0,58728,0,2
100000423,0,0,30,0,61478,0,2
100000424,1,1,35,1,65934,0,2
100000425,1,1,42,2,110936,1,0
100000426,1,0,21,0,30623,0,0
100000427,0,0,46,1,72817,0,1
100000428,1,0,31,2,74627,1,1
100000429,0,0,58,1,85664,0,1
100000430,1,1,53,3,133517,1,2
100000431,1,0,30,2,130734,2,1
100000432,1,0,27,1,62340,0,1
100000433,0,1,65,2,116570,1,0
100000434,1,0,43,1,85239,1,1
100000435,0,0,42,3,105185,1,0
100000436,1,1,30,0,36792,0,1
100000437,0,1,33,2,118570,1,2
100000438,0,0,45,1,60719,0,2
100000439,0,1,42,2,97071,2,0
100000440,0,1,25,1,70454,0,2
100000441,1,1,50,2,143072,1,2
100000442,0,1,39,2,109667,1,1
100000443,1,0,23,0,39214,0,1
100000444,1,0,47,3,157897,1,1
100000445,1,0,33,0,46635,0,0
100000446,0,1,44,1,57065,0,0
100000447,1,0,28,1,63423,0,1
100000448,1,1,39,0,81781,1,0
100000449,1,0,18,0,52027,1,1
100000450,1,0,39,0,66606,0,1
100000451,1,0,18,0,40541,0,2
100000452,0,1,37,0,47056,0,0
100000453,1,0,18,0,42332,0,1
100000454,0,1,34,0,33370,1,1
100000455,0,1,44,2,146930,2,1
100000456,1,0,41,1,87713,0,2
100000457,0,0,49,2,118840,1,1
100000458,1,0,22,1,78269,1,1
100000459,0,0,54,3,139436,2,0
100000460,1,1,54,1,101300,0,1
100000461,1,0,20,1,61772,0,2
100000462,1,0,25,0,55715,0,1
100000463,1,1,28,2,89439,2,1
100000464,0,0,35,0,80353,0,1
100000465,0,1,37,2,133412,2,2
100000466,0,0,18,1,68309,1,0
100000467,0,0,42,1,47803,0,0
100000468,0,0,32,1,57600,0,2
100000469,0,0,23,0,47084,0,1
100000470,0,1,46,2,59873,1,1
100000471,1,0,31,0,65908,0,1
100000472,0,1,49,3,127103,2,0
100000473,1,0,41,3,107841,1,1
100000474,0,0,31,1,54263,0,0
100000475,1,1,49,3,174703,2,1
100000476,1,1,45,2,131245,2,1
100000477,0,0,29,1,96593,1,1
100000478,1,0,18,0,25370,0,2
100000479,0,1,28,0,43219,0,2
100000480,0,1,42,1,75669,0,0
100000481,0,0,32,1,53107,0,2
100000482,0,0,56,2,96977,2,1
100000483,0,1,38,0,41664,0,1
100000484,1,0,37,2,103651,1,2
100000485,0,1,40,2,100320,1,1
100000486,0,1,24,0,63614,1,0
100000487,1,1,33,1,80690,0,2
100000488,0,0,27,1,59717,0,2
100000489,0,1,18,0,64512,1,1
100000490,0,0,18,0,34276,0,1
100000491,1,1,44,1,93719,1,1
100000492,1,0,30,0,39442,0,2
100000493,1,1,33,1,65142,0,0
100000494,1,0,18,0,23202,0,0
100000495,0,0,28,2,120775,1,2
100000496,1,1,44,3,100943,1,1
100000497,0,1,36,0,95711,1,2
100000498,1,0,29,2,85529,1,2
100000499,1,1,53,1,93916,0,2
100000500,1,0,34,2,94515,2,0
100000501,0,0,31,0,41095,0,2
100000502,0,0,49,2,121947,1,1
100000503,0,0,18,1,20000,0,0
100000504,0,1,42,1,104516,1,1
100000505,1,0,21,0,70655,0,1
100000506,1,0,25,0,52845,0,1
100000507,1,0,27,0,28490,0,2
100000508,1,0,36,2,110659,1,1
100000509,1,0,36,1,72531,0,2
100000510,0,0,39,0,68035,1,0
100000511,1,1,37,1,94656,1,2
100000512,0,1,52,2,142057,2,0
100000513,0,1,55,2,142055,1,1
100000514,1,1,44,1,77695,0,1
100000515,1,0,44,3,152162,1,2
100000516,1,0,30,2,81424,1,0
100000517,1,0,22,0,84120,0,2
100000518,0,1,42,1,77018,1,1
100000519,1,1,35,2,96411,2,0
100000520,1,1,45,2,103266,1,1
100000521,1,0,18,0,49576,0,1
100000522,1,1,67,1,114448,0,2
100000523,1,0,20,0,20000,0,0
100000524,1,0,35,0,66593,1,0
100000525,0,1,47,2,108678,1,0
100000526,1,1,18,0,83982,0,2
100000527,0,0,28,1,84005,1,2
100000528,1,0,18,0,24453,0,2
100000529,0,1,18,1,47384,1,1
100000530,1,0,18,1,41553,0,0
100000531,1,1,36,0,71690,1,0
100000532,1,1,39,0,65777,0,2
100000533,1,1,31,0,54780,0,2
100000534,1,0,50,3,108299,1,0
100000535,0,0,52,3,121198,1,0
100000536,0,0,35,0,63766,1,0
100000537,1,0,32,1,101943,0,1
100000538,1,0,32,1,62437,0,1
100000539,1,0,30,2,92750,2,0
100000540,0,1,51,3,130110,1,2
100000541,0,0,38,0,50052,0,1
100000542,0,0,31,1,38868,0,2
100000543,0,0,32,2,106058,1,2
100000544,0,1,42,1,74175,0,1
100000545,1,0,30,1,64068,0,1
100000546,0,0,39,1,45941,0,0
100000547,1,0,35,2,104897,1,2
100000548,0,0,51,3,152916,2,1
100000549,0,1,49,1,109616,1,1
100000550,0,1,18,1,84847,1,2
100000551,1,1,33,2,87523,1,2
100000552,0,1,44,1,95641,1,0
100000553,0,1,30,2,132440,2,0
100000554,1,0,45,2,105308,1,1
100000555,0,0,39,1,22143,0,0
100000556,1,1,42,2,111544,1,0
100000557,0,0,34,1,81287,0,1
100000558,1,0,39,0,62950,0,2
100000559,0,1,41,1,65038,0,1
100000560,0,0,18,0,55261,0,1
100000561,1,1,24,0,63300,0,2
100000562,1,0,23,0,70005,1,2
100000563,1,1,55,1,88316,0,2
100000564,1,0,39,2,100017,1,0
100000565,1,0,40,2,141497,2,1
100000566,1,1,37,0,75593,1,1
100000567,1,0,29,2,79341,1,1
100000568,0,0,26,1,42401,0,0
100000569,1,0,45,1,85267,0,2
100000570,0,0,31,1,97466,1,2
100000571,0,1,54,2,108428,1,1
100000572,1,0,37,1,79736,0,1
100000573,0,1,36,1,86088,1,2
100000574,0,0,32,1,71122,0,0
100000575,0,1,34,2,138387,2,0
100000576,1,1,35,2,106221,1,0
100000577,1,1,53,2,125545,1,2
100000578,1,1,63,3,155768,1,2
100000579,1,0,21,0,36125,1,2
100000580,1,0,38,1,82824,0,0
100000581,1,0,44,1,68308,0,2
100000582,1,0,24,0,27226,0,1
100000583,1,0,27,0,58058,1,1
100000584,0,0,30,1,58822,1,0
100000585,0,0,18,1,71247,1,1
100000586,1,0,43,3,124925,1,2
100000587,0,0,35,2,106810,1,2
100000588,1,1,34,1,73399,0,0
100000589,0,0,36,1,79525,0,2
100000590,0,0,38,2,84902,1,0
100000591,1,1,63,3,142028,1,2
100000592,0,1,37,0,30458,0,0
100000593,0,1,45,1,79577,0,0
100000594,0,0,29,1,50897,0,2
100000595,0,0,39,1,73277,1,0
100000596,0,0,31,2,140841,2,1
100000597,1,0,33,2,93073,1,1
100000598,0,0,24,1,65847,0,2
100000599,0,0,25,2,118840,2,1
100000600,1,1,41,1,56480,1,0
100000601,1,1,44,3,132458,1,2
100000602,0,1,41,2,130888,2,0
100000603,0,0,27,2,123648,2,2
100000604,0,0,39,2,119596,1,2
100000605,0,0,18,0,20000,0,0
100000606,0,0,47,2,109700,1,1
100000607,0,0,35,1,67733,0,2
100000608,0,1,38,0,43935,0,0
100000609,0,0,49,1,47627,0,0
100000610,0,1,30,1,79026,1,2
100000611,1,0,47,2,108184,1,0
100000612,0,0,30,1,78821,1,2
100000613,0,1,42,2,121073,1,2
100000614,0,0,30,0,96332,1,2
100000615,0,0,39,0,76663,1,1
100000616,0,1,53,2,107306,1,0
100000617,0,1,27,2,110369,1,2
100000618,1,1,28,1,53562,0,2
100000619,1,0,31,2,116798,2,2
100000620,0,0,39,2,98727,2,0
100000621,0,1,68,2,113398,1,1
100000622,0,0,28,1,92510,0,2
100000623,0,0,18,0,32600,0,2
100000624,0,0,27,1,78243,1,1
100000625,1,0,18,0,51006,1,1
100000626,0,0,29,0,38559,0,1
100000627,0,1,36,0,54200,0,2
100000628,1,0,24,0,57749,1,1
100000629,1,0,27,2,98485,1,1
100000630,1,0,18,0,31729,0,1
100000631,1,0,38,1,81226,0,2
100000632,0,1,26,1,83299,1,2
100000633,0,1,48,3,112878,1,0
100000634,1,1,48,1,72313,0,1
100000635,1,0,25,1,90025,0,2
100000636,1,0,31,1,52046,0,2
100000637,1,0,36,0,76529,1,2
100000638,1,1,45,1,91202,0,2
100000639,1,1,18,0,36418,0,0
100000640,1,0,35,0,43470,0,2
100000641,0,1,58,1,67300,0,1
100000642,1,1,34,1,91317,1,2
100000643,0,1,38,0,61514,0,0
100000644,0,0,35,0,72939,1,0
100000645,0,0,21,0,49836,1,0
100000646,0,0,47,2,112466,1,2
100000647,1,0,39,2,99976,1,1
100000648,1,0,37,2,99256,1,1
100000649,1,0,44,3,101748,1,1
100000650,0,0,45,1,60641,0,2
100000651,0,0,18,1,70303,1,1
100000652,0,1,41,2,144641,2,0
100000653,1,0,28,2,89825,1,0
100000654,1,1,37,2,104013,2,2
100000655,1,0,27,1,42524,0,1
100000656,1,0,25,2,90932,1,1
100000657,0,0,47,2,103007,1,2
100000658,1,0,35,1,68361,0,1
100000659,0,0,32,1,59902,0,2
100000660,1,0,32,1,59056,0,2
100000661,0,0,37,2,110299,2,2
100000662,1,1,35,0,84212,1,2
100000663,1,0,18,0,49275,0,2
100000664,0,0,25,2,105839,1,2
100000665,0,1,33,1,81356,0,2
100000666,1,1,45,3,121216,1,1
100000667,0,1,52,1,88317,0,0
100000668,0,0,24,0,20000,0,0
100000669,0,1,59,1,87283,0,0
100000670,0,1,37,1,60827,0,1
100000671,1,0,42,3,113802,1,1
100000672,1,0,29,1,78564,1,2
100000673,0,0,29,1,88801,1,1
100000674,1,0,53,2,125705,1,2
100000675,1,0,33,0,84812,1,1
100000676,0,0,35,1,80295,1,2
100000677,0,1,50,3,122672,1,0
100000678,1,1,57,3,111349,1,0
100000679,0,0,18,1,67759,0,2
100000680,1,0,34,2,120544,1,1
100000681,0,0,36,0,49815,1,0
100000682,1,1,58,2,143205,1,2
100000683,1,1,66,3,137970,2,0
100000684,0,0,35,0,72544,0,1
100000685,1,0,41,2,100068,1,0
100000686,0,1,46,3,144945,2,0
100000687,0,0,50,2,97181,1,1
100000688,0,1,32,0,84168,1,0
100000689,0,0,46,3,143456,2,1
100000690,1,0,28,1,53884,0,1
100000691,0,0,18,1,78845,1,0
100000692,1,0,20,1,55001,1,0
100000693,0,1,39,0,58523,0,2
100000694,1,1,46,3,139587,2,1
100000695,0,0,18,0,26248,0,1
100000696,0,1,18,0,73477,1,1
100000697,0,0,36,2,146566,2,1
100000698,0,0,18,0,23961,0,1
100000699,0,0,43,3,145640,1,1
100000700,0,1,49,3,143463,1,1
100000701,1,1,18,0,24559,0,0
100000702,1,1,46,3,134582,1,1
100000703,1,0,34,1,94729,0,1
100000704,0,0,53,1,79641,0,2
100000705,1,0,40,2,89350,1,0
100000706,1,1,34,2,114276,2,2
100000707,1,0,38,0,76193,0,0
100000708,1,0,48,3,141763,1,1
100000709,1,0,39,1,78257,1,1
100000710,0,1,37,0,59146,0,2
100000711,0,0,19,0,56529,0,2
100000712,1,1,42,1,80557,1,0
100000713,1,0,37,2,128237,1,2
100000714,1,1,59,2,113884,1,0
100000715,0,0,36,1,85877,0,1
100000716,0,1,36,1,84685,1,0
100000717,1,0,29,2,128337,2,2
100000718,0,1,45,3,108364,1,0
100000719,1,1,34,2,114200,1,2
100000720,1,0,28,1,93395,1,1
100000721,0,1,56,1,89151,1,2
100000722,0,0,58,3,151874,1,2
100000723,0,1,31,0,95744,1,2
100000724,1,1,24,0,48990,0,0
100000725,1,1,50,3,143391,1,2
100000726,0,0,27,1,50270,0,0
100000727,0,0,71,3,122832,1,0
100000728,1,0,35,0,31497,0,0
100000729,0,1,48,1,92814,1,1
100000730,1,0,21,0,38154,1,0
100000731,1,0,36,0,83027,1,2
100000732,1,1,50,3,114590,1,0
100000733,0,1,42,1,77029,0,2
100000734,1,0,30,0,58522,0,0
100000735,1,1,66,1,103496,0,2
100000736,1,0,46,2,113772,1,0
100000737,0,0,34,0,39497,1,0
100000738,1,0,30,2,107205,1,1
100000739,0,1,34,2,118375,2,2
100000740,0,0,53,1,97498,0,0
100000741,0,0,28,0,20000,0,0
100000742,0,0,37,1,70531,1,0
100000743,0,0,27,1,93381,1,1
100000744,0,0,52,3,153258,1,0
100000745,1,0,35,1,38981,0,0
100000746,1,0,47,2,137467,2,2
100000747,1,0,44,1,64542,0,1
100000748,1,0,30,2,130179,1,2
100000749,0,0,45,2,140825,1,1
100000750,0,1,48,1,91108,0,2
100000751,0,0,23,1,92156,1,1
100000752,0,0,45,2,110769,1,2
100000753,0,1,75,2,131443,2,0
100000754,0,0,33,0,87671,1,2
100000755,0,0,45,1,62491,0,0
100000756,0,0,21,0,45585,0,0
100000757,1,0,42,3,120452,1,1
100000758,0,0,30,2,126593,1,2
100000759,1,1,46,1,75325,0,1
100000760,0,0,36,0,66451,1,0
100000761,0,0,23,0,49862,0,0
100000762,0,0,50,3,141287,1,2
100000763,0,0,34,1,87528,0,1
100000764,0,0,25,2,107046,2,1
100000765,1,0,38,0,70722,1,2
100000766,1,0,25,2,108467,1,1
100000767,0,0,42,3,123303,1,0
100000768,1,0,36,0,53929,0,2
100000769,1,0,32,1,42020,0,0
100000770,1,0,45,3,128573,2,0
100000771,0,0,21,0,33346,0,0
100000772,1,1,49,1,83610,0,2
100000773,0,1,18,1,30755,0,0
100000774,1,1,56,2,107367,1,1
100000775,1,0,39,0,71745,0,2
100000776,1,0,34,0,79861,1,0
100000777,1,1,28,1,111799,1,2
100000778,1,1,43,3,113040,1,1
100000779,0,0,35,2,115118,2,2
100000780,1,0,35,0,68714,0,2
100000781,1,0,49,1,74213,0,1
100000782,1,1,32,2,102875,1,0
100000783,1,1,34,2,142611,2,2
100000784,1,0,42,2,94357,1,0
100000785,0,1,50,3,127293,1,1
100000786,1,0,35,0,41466,1,0
100000787,0,0,39,2,75125,1,0
100000788,0,0,37,1,106678,1,2
100000789,0,0,46,2,168280,2,2
100000790,0,1,55,3,120774,2,0
100000791,1,1,26,0,44111,1,1
100000792,1,1,35,2,94753,1,1
100000793,0,1,36,0,82641,1,1
100000794,0,1,44,3,117203,2,1
100000795,0,0,55,2,109746,1,0
100000796,1,0,37,0,72255,0,1
100000797,0,1,39,0,22364,0,1
100000798,0,1,51,2,89645,1,0
100000799,0,0,22,1,65858,0,1
100000800,0,0,28,1,76533,0,1
100000801,0,0,31,0,36455,0,1
100000802,1,1,37,1,80316,0,1
100000803,0,1,40,1,91652,0,2
100000804,1,0,31,0,20321,0,0
100000805,0,1,58,3,125238,1,0
100000806,1,1,28,1,60478,0,2
100000807,0,0,34,1,69128,0,2
100000808,0,0,50,1,81326,0,1
100000809,0,1,46,2,94226,1,1
100000810,1,1,37,0,20000,0,0
100000811,1,1,41,1,43130,0,0
100000812,1,1,47,3,106970,1,1
100000813,0,0,37,0,41736,0,0
100000814,0,1,45,2,122253,1,1
100000815,0,0,26,1,51406,0,1
100000816,0,1,38,2,93281,1,1
100000817,1,1,18,0,22163,0,0
100000818,0,0,26,1,97621,1,2
100000819,0,0,23,0,39546,0,1
100000820,0,0,52,3,122206,1,0
100000821,1,1,31,1,53195,0,1
100000822,0,0,40,2,104355,1,1
100000823,1,0,25,2,87447,1,1
100000824,1,1,34,0,66555,0,1
100000825,1,1,33,0,50170,0,1
100000826,0,1,26,2,103063,1,0
100000827,0,0,47,1,94010,1,0
100000828,1,0,18,0,33144,0,0
100000829,0,0,44,2,75492,1,0
100000830,1,1,69,3,132229,1,0
100000831,0,1,27,1,46208,0,1
100000832,1,0,37,0,58865,0,0
100000833,0,0,18,1,65281,0,2
100000834,0,1,36,1,64424,0,0
100000835,1,0,18,1,62013,1,0
100000836,0,1,44,1,104447,1,0
100000837,1,1,30,0,26207,0,2
100000838,1,1,18,0,39556,0,0
100000839,0,0,21,1,76993,1,2
100000840,1,1,18,0,42697,1,1
100000841,1,0,33,1,61831,0,2
100000842,1,1,47,1,94630,1,1
100000843,0,0,31,0,43745,0,0
100000844,0,0,22,0,76061,1,1
100000845,0,0,26,0,45889,1,0
100000846,1,1,37,2,91582,1,1
100000847,1,1,18,0,63755,1,0
100000848,0,1,43,2,115266,1,0
100000849,0,0,41,3,125799,2,1
100000850,1,0,18,0,26915,0,1
100000851,0,0,50,2,125168,1,2
100000852,0,0,18,1,47796,0,1
100000853,1,1,33,2,116785,1,2
100000854,0,1,50,1,78667,1,0
100000855,0,0,18,0,47516,1,1
100000856,0,0,18,0,81036,0,1
100000857,1,0,22,1,71345,0,1
100000858,0,1,22,0,71525,0,2
100000859,0,1,34,2,113883,1,2
100000860,1,0,29,0,44792,0,2
100000861,0,0,29,0,63359,0,1
100000862,0,0,30,2,131306,2,0
100000863,1,1,33,1,53781,0,0
100000864,1,0,25,1,62135,0,2
100000865,1,1,39,0,54489,0,0
100000866,1,0,35,2,127734,2,2
100000867,1,0,23,0,20000,0,1
100000868,1,0,58,1,102392,0,2
100000869,1,0,20,1,73791,0,2
100000870,0,1,44,3,109463,2,0
100000871,0,0,26,1,84817,0,1
100000872,1,1,40,3,123463,2,1
100000873,1,1,42,2,88398,1,1
100000874,1,1,46,1,89249,1,2
100000875,0,1,53,3,137651,1,2
100000876,1,1,25,0,33259,0,0
100000877,0,1,71,1,77489,0,2
100000878,1,0,41,3,121835,1,1
100000879,1,0,26,2,107478,1,2
100000880,0,0,19,0,35381,0,2
100000881,0,0,64,3,96565,1,0
100000882,1,0,56,2,108414,1,2
100000883,1,0,36,1,75678,1,1
100000884,1,0,45,2,110994,1,0
100000885,0,1,52,2,98713,1,0
100000886,0,0,37,1,65268,0,0
100000887,0,0,31,0,96563,0,2
100000888,1,1,35,2,112213,2,0
100000889,1,1,46,1,71104,0,1
100000890,0,1,36,2,114230,1,1
100000891,1,0,21,1,92410,1,1
100000892,1,1,45,3,135017,1,0
100000893,0,1,18,1,44290,0,0
100000894,1,1,27,1,68373,1,2
100000895,0,1,51,2,77000,1,0
100000896,0,0,39,1,75563,1,1
100000897,0,0,39,1,71310,0,2
100000898,0,1,37,2,75826,1,0
100000899,1,1,49,1,74360,1,1
100000900,0,0,35,2,102816,1,2
100000901,1,0,18,0,37448,0,2
100000902,0,0,39,1,51369,0,0
100000903,1,0,18,0,90867,1,2
100000904,0,0,18,0,58056,0,2
100000905,0,1,55,1,61483,0,1
100000906,0,1,49,1,81507,0,0
100000907,1,0,30,1,78551,1,1
100000908,1,1,35,1,52766,0,1
100000909,1,0,37,2,84565,1,0
100000910,1,1,48,1,106620,0,0
100000911,1,0,26,0,48567,0,2
100000912,1,1,25,1,35238,0,0
100000913,0,0,28,2,119401,2,2
100000914,0,1,38,0,54853,0,0
100000915,1,1,39,0,46568,0,0
100000916,0,0,31,0,51042,0,2
100000917,1,0,45,2,101431,1,2
100000918,0,0,23,0,37825,0,2
100000919,0,0,35,2,90897,2,0
100000920,0,0,27,1,86194,1,2
100000921,0,0,24,1,54997,0,0
100000922,1,1,51,3,161941,2,2
100000923,0,1,32,2,124090,2,2
100000924,1,0,24,0,72468,1,0
100000925,0,1,36,1,63549,0,0
100000926,0,1,24,0,49671,0,1
100000927,0,0,43,2,102200,2,0
100000928,1,0,46,3,109999,1,0
100000929,0,0,48,1,60488,0,0
100000930,1,0,23,0,56229,0,1
100000931,1,0,34,0,39250,0,0
100000932,1,1,58,1,72909,0,0
100000933,0,0,33,0,36930,0,0
100000934,0,1,51,1,128641,1,2
100000935,0,0,55,2,99937,1,0
100000936,1,1,19,0,20000,0,0
100000937,0,0,51,2,108506,1,0
100000938,1,1,45,2,99144,1,0
100000939,0,0,47,3,153459,1,2
100000940,1,1,57,1,92131,0,0
100000941,0,1,42,2,118790,1,2
100000942,0,1,37,0,58022,0,2
100000943,0,0,43,2,127578,2,1
100000944,1,1,32,1,91632,0,2
100000945,1,0,42,3,139792,2,0
100000946,0,1,18,0,38843,0,0
100000947,0,1,57,3,97832,1,1
100000948,1,1,29,2,90937,2,0
100000949,0,1,43,3,127715,1,2
100000950,0,0,40,1,79162,0,1
100000951,1,0,37,1,85002,0,2
100000952,1,0,37,2,111844,1,2
100000953,0,0,37,1,49008,0,2
100000954,1,1,18,0,58497,1,1
100000955,1,0,29,2,83696,1,1
100000956,0,1,51,2,88945,1,2
100000957,1,1,23,1,34148,0,0
100000958,1,0,23,1,57459,0,2
100000959,1,1,62,2,124518,1,1
100000960,1,0,51,1,109426,1,1
100000961,1,0,55,3,133863,1,1
100000962,1,0,36,0,59036,0,2
100000963,1,0,39,1,68807,0,2
100000964,0,1,45,3,150944,2,2
100000965,1,0,43,1,63019,0,2
100000966,1,0,35,2,102945,1,0
100000967,0,0,18,0,36886,0,1
100000968,1,0,27,1,94529,1,1
100000969,0,0,18,0,57304,1,0
100000970,1,1,55,1,87894,1,0
100000971,1,0,31,1,53025,0,0
100000972,0,1,34,0,41298,0,0
100000973,1,1,39,1,77474,0,2
100000974,0,1,36,1,36491,0,2
100000975,0,1,42,1,65255,0,2
100000976,0,0,28,2,132035,1,2
100000977,0,1,18,0,66728,1,2
100000978,1,0,57,1,96739,0,0
100000979,0,0,27,0,28578,0,0
100000980,0,1,30,1,46978,0,2
100000981,1,1,26,0,67206,1,2
100000982,0,1,29,2,118772,2,2
100000983,1,0,36,2,90086,1,1
100000984,0,0,45,3,141804,1,1
100000985,1,0,23,1,77842,0,1
100000986,0,0,39,2,93965,1,1
100000987,1,0,27,2,135889,2,0
100000988,1,0,50,2,126856,1,1
100000989,1,0,20,1,44598,0,2
100000990,0,1,37,1,111286,1,2
100000991,1,1,44,1,91027,1,0
100000992,0,0,19,0,38735,0,1
100000993,1,0,37,1,72011,1,2
100000994,1,1,37,1,94393,1,1
100000995,0,0,26,1,59618,1,0
100000996,0,1,33,1,91349,0,1
100000997,1,0,47,1,72200,1,0
100000998,1,1,38,0,23246,0,0
100000999,1,0,30,0,61907,0,2
100001000,0,0,33,2,94115,2,0
100001001,1,1,41,3,163182,2,1
100001002,0,1,51,2,128411,2,2
100001003,0,1,45,3,135036,1,1
100001004,1,0,44,2,113610,2,1
100001005,1,1,54,2,100727,1,0
100001006,1,0,18,0,47861,0,2
100001007,0,0,18,1,62212,1,1
100001008,0,0,18,0,56041,0,2
100001009,1,0,45,1,55889,0,0
100001010,0,0,18,1,65942,0,0
100001011,0,0,35,1,87673,0,2
100001012,1,0,44,1,61479,1,0
100001013,1,0,18,0,79734,1,0
100001014,0,0,27,1,84841,1,1
100001015,1,0,32,0,28615,0,0
100001016,0,1,44,1,85956,0,2
100001017,0,1,18,0,31671,0,0
100001018,0,1,39,2,108873,1,0
100001019,0,0,44,3,136531,1,1
100001020,1,0,37,2,140996,2,1
100001021,0,0,37,1,61320,1,0
100001022,1,0,50,3,132563,1,1
100001023,1,0,38,2,102654,1,2
100001024,1,0,35,2,86224,1,2
100001025,1,0,31,2,114411,2,2
100001026,0,0,43,2,92077,1,1
100001027,1,0,32,0,74779,1,1
100001028,0,1,43,2,111375,1,2
100001029,0,0,36,1,72606,0,1
100001030,1,0,49,3,134372,1,2
100001031,0,0,26,2,88255,1,0
100001032,0,0,36,1,82416,0,2
100001033,0,0,39,2,100636,1,2
100001034,0,0,40,3,138144,2,1
100001035,0,1,49,2,130154,2,1
100001036,1,0,40,3,120640,1,2
100001037,0,1,46,1,52261,0,0
100001038,0,1,59,2,116865,1,0
100001039,0,1,45,1,83863,0,1
100001040,1,0,22,0,88753,1,1
100001041,0,0,18,1,55889,0,1
100001042,0,0,43,2,111703,1,1
100001043,1,0,31,0,31878,0,1
100001044,1,0,39,0,45731,0,0
100001045,1,0,33,2,146701,2,2
100001046,1,1,51,2,152236,1,2
100001047,0,1,49,3,127304,1,0
100001048,0,0,21,0,57303,0,0
100001049,1,0,38,0,79412,0,1
100001050,0,1,31,1,115439,1,1
100001051,0,0,19,1,77664,1,0
100001052,0,0,43,3,134443,2,1
100001053,0,1,33,0,73159,1,1
100001054,1,0,40,2,132444,1,2
100001055,1,1,65,3,140742,1,2
100001056,0,1,51,2,114461,1,1
100001057,0,0,48,2,92013,1,0
100001058,1,0,30,2,101625,2,0
100001059,1,0,21,0,20000,0,1
100001060,1,1,50,3,146443,1,1
100001061,1,0,31,0,58707,1,1
100001062,0,0,36,2,112280,1,2
100001063,1,1,31,2,98387,1,0
100001064,1,0,36,2,106190,1,2
100001065,0,1,64,1,85720,1,0
100001066,0,0,31,1,54494,0,1
100001067,0,0,32,2,75433,1,0
100001068,1,0,37,2,116956,2,0
100001069,1,0,38,0,64719,1,1
100001070,0,0,21,0,57154,0,1
100001071,1,0,18,1,55616,0,2
100001072,1,0,28,2,111736,1,2
100001073,0,1,32,2,77133,1,0
100001074,0,0,25,0,20000,0,0
100001075,0,0,23,0,64676,1,2
100001076,0,0,24,1,71909,0,1
100001077,0,0,30,0,70033,0,2
100001078,1,1,33,2,109691,1,0
100001079,0,0,18,0,23582,0,0
100001080,0,1,28,1,47339,0,0
100001081,1,1,39,1,99394,1,2
100001082,0,1,33,2,106620,2,0
100001083,0,1,18,0,37793,0,0
100001084,0,1,30,0,71808,1,0
100001085,0,1,34,1,87596,0,2
100001086,0,0,44,1,69531,0,2
100001087,1,0,18,1,66656,0,0
100001088,1,0,43,2,87046,1,2
100001089,1,0,29,1,84380,1,2
100001090,1,0,37,0,52521,0,2
100001091,1,0,43,1,91761,1,1
100001092,0,0,24,0,66004,1,2
100001093,1,0,25,1,74770,0,1
100001094,1,0,33,2,99785,2,0
100001095,0,0,43,1,103299,1,1
100001096,0,0,28,1,51320,0,2
100001097,0,0,18,0,44840,0,2
100001098,1,0,26,2,111212,2,0
100001099,0,1,39,2,146639,2,2
100001100,0,1,48,1,50736,0,0
100001101,1,0,28,2,62416,1,1
100001102,1,0,31,1,100163,1,0
100001103,1,0,32,1,49589,0,1
100001104,1,0,33,0,44954,0,1
100001105,0,0,23,0,50743,1,0
100001106,0,1,29,1,110074,1,2
100001107,1,1,37,2,105388,1,0
100001108,1,0,36,2,127779,1,2
100001109,1,0,35,1,93888,0,2
100001110,0,0,22,0,40180,0,0
100001111,1,1,28,1,65150,0,2
100001112,0,1,26,1,87023,0,2
100001113,0,1,47,3,160743,2,1
100001114,1,0,52,3,154423,2,1
100001115,0,0,39,1,62006,1,1
100001116,1,0,54,1,80525,0,2
100001117,1,0,31,2,96604,1,0
100001118,1,1,31,2,90889,1,1
100001119,0,0,19,1,87589,1,1
100001120,1,0,37,0,92583,0,1
100001121,1,0,29,2,98071,1,1
100001122,1,0,36,0,57658,0,1
100001123,0,1,40,1,103394,1,1
100001124,0,1,32,1,118726,1,2
100001125,0,0,21,0,20000,0,1
100001126,0,1,34,2,85177,1,0
100001127,1,1,34,0,63934,0,0
100001128,1,0,35,0,58840,0,2
100001129,0,1,43,2,89991,1,2
100001130,0,1,32,2,107032,1,1
100001131,0,0,31,2,86406,1,2
100001132,1,1,55,2,123221,1,0
100001133,1,1,47,2,133805,1,2
100001134,0,0,34,1,68021,0,2
100001135,1,1,24,0,45174,1,1
100001136,1,1,29,0,62413,0,2
100001137,1,0,39,0,49357,0,1
100001138,0,1,45,1,62125,0,0
100001139,1,1,63,1,107994,1,2
100001140,1,0,32,1,56723,0,1
100001141,1,1,37,2,88442,1,1
100001142,0,1,31,2,122885,2,0
100001143,0,0,36,1,112464,1,2
100001144,0,1,30,0,34661,0,1
100001145,0,0,22,0,20000,0,0
100001146,0,1,47,3,145516,1,2
100001147,1,0,36,2,121736,1,1
100001148,1,0,50,3,144745,1,2
100001149,1,0,29,0,63997,0,1
100001150,1,1,38,2,127923,2,0
100001151,0,1,43,2,121063,2,0
100001152,0,0,18,1,61040,1,0
100001153,0,1,19,0,35302,0,2
100001154,1,0,44,1,64408,0,0
100001155,1,0,36,2,83819,1,2
100001156,1,0,18,1,103033,1,2
100001157,1,0,26,0,35478,0,2
100001158,1,1,23,0,37965,0,0
100001159,1,0,29,0,60237,0,2
100001160,1,1,53,1,79588,0,1
100001161,1,1,28,1,52339,0,0
100001162,1,1,59,2,100852,1,0
100001163,1,0,32,1,65849,0,2
100001164,1,0,26,2,97601,1,0
100001165,0,1,54,3,162153,2,1
100001166,0,1,46,2,102271,2,0
100001167,1,1,52,3,157063,2,2
100001168,0,1,58,1,50395,0,0
100001169,0,0,48,3,137521,2,0
100001170,0,1,50,3,137457,1,2
100001171,1,0,18,0,20000,0,1
100001172,0,0,25,2,134953,2,1
100001173,1,0,41,3,128670,2,2
100001174,0,0,38,0,72033,0,1
100001175,1,1,44,3,106613,1,2
100001176,1,1,30,0,58127,0,1
100001177,1,0,49,3,110720,2,0
100001178,0,1,59,1,69781,0,0
100001179,1,1,42,2,99128,2,0
100001180,1,0,45,1,70693,0,0
100001181,1,1,41,2,101538,1,2
100001182,0,0,47,3,142414,2,1
100001183,0,0,38,1,71808,0,1
100001184,1,0,30,2,89966,1,2
100001185,1,0,38,2,86307,1,0
100001186,0,0,37,0,48145,0,0
100001187,1,0,18,0,42890,1,1
100001188,1,0,38,1,66081,0,0
100001189,0,0,36,1,47839,0,2
100001190,1,1,38,1,110679,1,0
100001191,0,0,29,1,85525,0,2
100001192,0,1,41,3,126523,2,2
100001193,0,0,43,2,95064,1,1
100001194,0,0,27,2,80917,1,0
100001195,1,1,39,2,140279,2,2
100001196,1,1,45,1,96850,1,0
100001197,0,0,44,2,143874,2,1
100001198,0,0,25,0,52153,0,0
100001199,0,0,23,1,39272,0,1
100001200,1,0,36,1,88908,1,1
100001201,1,0,23,1,53625,0,1
100001202,0,1,65,1,110704,1,0
100001203,0,1,26,2,103150,2,0
100001204,0,0,26,1,31643,0,1
100001205,0,1,43,2,99747,1,1
100001206,1,1,30,1,99017,0,1
100001207,1,0,18,0,57328,1,1
100001208,0,1,33,1,110136,1,2
100001209,1,0,23,0,48069,0,2
100001210,0,0,29,0,41650,0,1
100001211,0,0,18,0,65410,1,2
100001212,1,0,24,0,38560,0,1
100001213,0,1,33,0,61983,0,1
100001214,1,0,34,1,66133,0,2
100001215,1,0,22,0,20358,0,2
100001216,0,0,26,0,56672,0,1
100001217,1,1,25,1,73693,0,2
100001218,0,1,36,2,123287,2,2
100001219,1,0,33,2,108864,2,0
100001220,0,1,20,0,42115,0,0
100001221,1,0,42,1,85009,0,2
100001222,1,0,26,2,106770,2,2
100001223,1,0,39,1,89343,0,1
100001224,0,1,24,0,100230,1,1
100001225,1,1,38,1,76407,0,2
100001226,0,1,33,1,49188,0,1
100001227,1,0,35,2,108746,1,0
100001228,0,0,40,3,168722,2,2
100001229,0,0,40,1,48451,0,0
100001230,1,1,36,1,35983,0,0
100001231,0,0,36,1,38340,0,0
100001232,1,0,19,0,38491,0,2
100001233,0,0,33,1,75600,1,2
100001234,1,0,18,0,50066,1,1
100001235,1,0,18,0,22164,0,0
100001236,1,0,31,1,45451,0,2
100001237,0,0,32,1,87597,1,1
100001238,0,0,52,2,154456,2,1
100001239,1,1,42,3,101960,2,0
100001240,1,0,47,3,140681,2,1
100001241,0,0,31,2,81542,1,0
100001242,1,0,40,2,92012,1,1
100001243,0,1,48,2,118789,1,2
100001244,1,0,41,2,88237,1,1
100001245,1,0,39,1,91566,1,0
100001246,1,0,36,1,59747,0,1
100001247,0,1,24,0,24815,0,1
100001248,1,0,24,0,38410,0,0
100001249,1,0,18,1,43755,0,0
100001250,1,1,39,2,131453,1,2
100001251,1,0,31,2,110030,2,0
100001252,0,1,27,0,64759,1,2
100001253,1,1,39,0,80590,0,1
100001254,1,0,28,2,104419,1,2
100001255,0,1,47,1,90831,1,0
100001256,0,1,57,3,145287,1,0
100001257,1,0,40,2,102446,1,2
100001258,0,0,26,0,48088,0,2
100001259,0,0,18,0,35598,1,0
100001260,1,1,59,3,154117,1,0
100001261,1,0,40,3,112745,1,2
100001262,1,0,21,1,43715,0,2
100001263,1,0,47,2,83093,1,0
100001264,1,0,18,1,85183,0,2
100001265,0,0,29,0,67880,0,2
100001266,0,1,32,1,50718,0,1
100001267,0,0,30,0,45492,1,0
100001268,1,0,21,0,64328,0,0
100001269,1,1,63,2,139699,2,2
100001270,0,1,30,0,45368,0,1
100001271,0,1,39,1,64311,0,2
100001272,0,1,35,1,109199,0,2
100001273,0,0,18,1,47500,0,2
100001274,1,0,28,0,21801,0,1
100001275,0,0,37,2,103194,1,1
100001276,0,1,46,2,112004,1,1
100001277,1,0,31,1,48061,0,0
100001278,0,1,39,1,56190,0,1
100001279,0,1,31,1,53026,1,1
100001280,1,1,42,1,47965,0,0
100001281,0,0,18,0,83566,1,1
100001282,1,0,42,1,44706,0,1
100001283,1,1,27,0,53924,0,0
100001284,0,1,28,0,86084,0,2
100001285,1,0,18,0,47798,0,0
100001286,0,0,22,0,56556,1,0
100001287,1,0,42,1,81717,0,0
100001288,0,1,62,1,117328,1,0
100001289,0,0,26,2,64462,1,0
100001290,0,1,27,2,110130,1,2
100001291,0,0,41,2,81899,1,0
100001292,0,0,38,0,20000,0,0
100001293,0,0,28,0,67246,0,2
100001294,0,0,33,0,36456,0,1
100001295,0,1,30,0,42184,0,0
100001296,1,1,42,3,113233,2,0
100001297,0,1,44,1,95683,0,2
100001298,0,1,56,3,152985,2,0
100001299,1,1,46,1,69048,0,1
100001300,0,0,43,3,107643,1,1
100001301,1,1,37,0,60749,1,1
100001302,1,0,46,2,111136,1,1
100001303,1,0,23,0,42451,1,0
100001304,0,0,61,3,120303,1,1
100001305,1,0,38,1,83973,0,2
100001306,0,1,52,3,153765,2,1
100001307,0,1,25,1,100232,1,2
100001308,1,1,47,2,114615,1,0
100001309,0,0,40,2,77882,1,0
100001310,1,1,33,2,119970,2,1
100001311,1,0,27,0,22055,0,0
100001312,0,0,24,1,27378,0,0
100001313,1,1,56,1,111591,1,2
100001314,0,1,50,2,99673,1,0
100001315,1,0,36,2,118959,2,0
100001316,0,0,37,2,95062,1,1
100001317,0,0,26,2,102844,1,1
100001318,1,0,18,1,60823,1,0
100001319,0,0,18,0,32171,0,0
100001320,0,0,28,2,130214,2,1
100001321,1,0,33,1,97707,0,2
100001322,0,1,21,1,48330,0,1
100001323,0,1,45,3,100879,1,2
100001324,0,0,41,2,101379,2,1
100001325,1,0,37,0,98265,1,2
100001326,1,0,18,0,55036,0,0
100001327,1,0,32,0,80800,1,1
100001328,0,0,35,2,122881,1,1
100001329,0,1,20,0,53121,1,1
100001330,0,0,18,0,28751,0,1
100001331,0,1,58,2,138363,1,1
100001332,0,0,42,3,144810,2,0
100001333,1,1,30,0,66975,1,0
100001334,0,1,54,1,82279,0,0
100001335,0,1,48,2,122858,2,0
100001336,1,0,40,1,64951,1,1
100001337,0,0,38,0,62339,0,0
100001338,0,0,44,3,139029,2,0
100001339,1,1,53,1,77390,0,2
100001340,1,0,36,2,86453,1,0
100001341,0,0,32,2,119546,1,2
100001342,1,1,42,2,96719,1,1
100001343,0,0,18,1,63436,1,2
100001344,1,0,36,1,80666,0,2
100001345,1,0,30,2,109797,1,1
100001346,1,0,35,2,115016,1,1
100001347,0,1,33,2,104067,1,0
100001348,0,1,39,2,108880,1,1
100001349,1,1,36,0,69225,1,1
100001350,0,0,36,1,46365,0,2
100001351,0,1,33,2,109414,2,0
100001352,1,1,40,1,61043,0,1
100001353,1,0,29,0,71089,0,1
100001354,1,1,47,1,68320,0,1
100001355,0,0,18,0,70472,1,2
100001356,1,1,37,1,79856,0,1
100001357,0,0,40,3,111363,1,2
100001358,0,1,20,0,33787,1,0
100001359,0,0,30,0,74264,0,2
100001360,0,0,51,3,159126,2,0
100001361,0,0,33,1,39608,0,1
100001362,0,0,24,1,50548,0,0
100001363,1,0,18,0,49786,0,0
100001364,0,0,39,2,112404,2,1
100001365,0,0,36,0,44622,0,0
100001366,1,0,42,1,65248,0,0
100001367,1,0,60,1,80783,0,1
100001368,1,0,35,0,43222,0,1
100001369,1,1,37,2,62657,1,1
100001370,1,0,27,1,54485,1,0
100001371,0,1,34,1,87688,1,2
100001372,1,1,35,2,95759,1,0
100001373,0,1,44,3,157558,1,2
100001374,1,1,42,1,136226,1,2
100001375,0,0,26,0,72272,0,2
100001376,0,1,29,0,40875,0,0
100001377,0,0,52,1,62977,0,1
100001378,0,1,23,0,38310,0,1
100001379,1,1,44,2,152128,2,2
100001380,1,1,54,3,128924,1,1
100001381,1,0,43,3,126055,1,1
100001382,0,0,38,1,95350,0,2
100001383,0,0,51,2,119928,2,1
100001384,0,0,39,0,43573,0,1
100001385,1,0,35,2,131373,1,2
100001386,0,1,33,2,99873,1,0
100001387,0,0,49,1,103665,1,0
100001388,0,0,43,3,126701,1,1
100001389,1,0,54,2,109259,1,2
100001390,1,0,31,2,137976,2,1
100001391,0,0,31,2,84165,1,0
100001392,1,1,30,0,46925,0,0
100001393,0,0,38,1,85538,0,2
100001394,1,1,27,0,64021,1,0
100001395,0,0,46,1,58215,0,1
100001396,0,0,39,1,69107,0,0
100001397,1,0,23,0,22616,0,1
100001398,0,0,18,0,34813,0,0
100001399,0,1,18,0,51903,1,1
100001400,1,1,52,1,110721,0,2
100001401,1,1,34,0,69812,1,2
100001402,1,0,37,0,42784,0,0
100001403,0,1,30,2,114927,2,1
100001404,0,0,40,2,84477,1,2
100001405,0,0,18,0,26107,0,0
100001406,0,0,18,0,48888,1,0
100001407,0,1,18,0,33849,0,2
100001408,0,0,36,2,107494,1,2
100001409,1,1,43,2,131553,2,1
100001410,0,1,41,3,134564,1,2
100001411,1,0,33,0,57662,0,1
100001412,0,0,20,0,74845,1,1
100001413,0,0,45,3,149107,1,2
100001414,0,0,32,0,36379,0,0
100001415,0,0,35,1,90977,1,1
100001416,0,1,34,0,49825,0,1
100001417,0,0,29,2,97314,1,2
100001418,1,0,26,2,94333,1,2
100001419,1,0,28,1,56279,1,0
100001420,0,0,19,0,53000,1,0
100001421,0,0,38,1,102635,1,1
100001422,1,0,33,2,105047,2,0
100001423,0,1,47,2,103346,1,1
100001424,0,0,18,0,35646,1,0
100001425,1,1,49,2,92497,1,1
100001426,0,0,34,2,83743,1,1
100001427,1,1,33,1,66938,0,1
100001428,1,0,25,1,25002,0,0
100001429,0,0,25,1,81726,0,1
100001430,0,0,18,0,69188,1,1
100001431,0,1,46,3,133281,1,2
100001432,1,1,32,2,117391,2,2
100001433,1,0,44,1,86415,0,1
100001434,0,1,45,2,103803,1,1
100001435,0,0,29,0,82974,0,2
100001436,0,0,32,2,124411,2,2
100001437,0,0,31,2,104442,1,1
100001438,0,0,47,1,91017,1,2
100001439,1,0,37,1,103670,1,1
100001440,1,1,37,0,87902,1,2
100001441,1,0,44,2,123621,1,2
100001442,1,1,34,1,110137,1,1
100001443,1,1,59,3,122338,1,1
100001444,1,0,24,1,57835,1,2
100001445,0,1,50,3,90747,1,0
100001446,1,1,52,3,127275,1,2
100001447,0,0,21,0,34631,0,1
100001448,0,0,45,2,111502,1,2
100001449,1,1,38,1,95682,1,1
100001450,0,1,45,3,148116,1,2
100001451,0,1,21,1,43992,0,1
100001452,1,1,38,2,129775,1,2
100001453,0,1,23,0,41417,0,2
100001454,0,0,31,2,83351,1,1
100001455,0,0,52,3,168718,2,2
100001456,0,1,33,2,104365,1,0
100001457,1,0,18,1,62709,0,1
100001458,0,0,18,0,20000,0,0
100001459,1,1,21,0,52571,0,0
100001460,0,1,47,3,123851,1,0
100001461,1,1,27,1,56300,0,2
100001462,1,1,18,1,45268,0,0
100001463,1,1,48,2,142657,2,2
100001464,1,0,38,0,53207,0,1
100001465,0,0,39,0,65943,1,1
100001466,0,0,25,2,126174,1,2
100001467,1,0,52,3,130699,1,2
100001468,0,0,34,1,79145,0,2
100001469,0,0,18,0,28995,0,0
100001470,1,0,21,0,44041,0,1
100001471,1,0,25,2,61427,1,0
100001472,1,1,33,0,107410,1,2
100001473,0,0,44,2,130824,1,1
100001474,1,1,26,0,55476,1,0
100001475,0,0,28,2,104720,1,0
100001476,1,1,61,1,80531,0,0
100001477,0,0,36,0,72307,0,2
100001478,1,0,29,1,68235,0,2
100001479,0,0,35,0,48546,1,1
100001480,0,0,20,0,38648,0,2
100001481,1,1,41,3,120785,1,2
100001482,1,0,47,2,92778,1,0
100001483,1,0,28,1,42961,1,0
100001484,0,1,47,3,130550,1,2
100001485,0,0,32,1,84447,1,0
100001486,1,1,38,0,51332,0,0
100001487,1,1,26,2,102204,2,1
100001488,1,1,25,0,75952,0,2
100001489,1,1,18,1,77571,1,2
100001490,1,0,38,2,101109,1,0
100001491,0,1,32,2,87815,1,0
100001492,0,0,32,0,28926,0,0
100001493,0,0,21,0,62085,1,1
100001494,1,0,21,0,54138,1,2
100001495,1,0,27,0,28518,0,1
100001496,1,0,41,2,70287,1,0
100001497,1,0,39,2,114942,1,2
100001498,1,0,27,2,115813,2,0
100001499,1,0,39,1,96697,1,2
100001500,0,1,56,2,120305,1,2
100001501,1,1,36,0,68859,1,1
100001502,0,0,59,2,152528,2,1
100001503,0,0,40,2,97772,1,1
100001504,0,1,51,1,98157,1,1
100001505,1,0,29,2,101733,1,1
100001506,1,0,49,3,125663,1,1
100001507,0,0,21,0,72836,1,2
100001508,0,0,38,0,75275,1,0
100001509,1,0,31,0,35897,0,0
100001510,1,0,18,1,92831,1,0
100001511,0,0,19,0,20525,0,0
100001512,0,1,49,3,127569,1,1
100001513,1,0,41,1,74834,0,1
100001514,1,1,51,2,141523,2,2
100001515,1,0,37,0,44339,0,2
100001516,0,0,18,1,61181,0,2
100001517,0,1,38,0,51710,1,0
100001518,1,0,28,1,66308,0,2
100001519,0,1,29,2,112250,1,2
100001520,0,0,30,1,101341,1,2
100001521,0,0,26,2,113716,2,1
100001522,1,0,23,1,69636,1,1
100001523,0,1,50,1,137673,1,2
100001524,0,1,40,1,96670,1,2
100001525,1,0,27,2,121389,1,1
100001526,1,0,30,1,50900,0,1
100001527,1,0,47,1,99350,1,1
100001528,0,1,40,1,85461,0,0
100001529,1,0,37,2,102048,2,0
100001530,0,0,20,0,33876,1,0
100001531,1,0,30,2,139496,2,2
100001532,1,0,21,0,71310,0,2
100001533,1,0,18,0,57773,0,2
100001534,1,0,46,2,116723,1,1
100001535,1,0,31,2,118513,2,2
100001536,1,1,30,0,60592,0,2
100001537,0,1,23,1,77580,0,2
100001538,1,1,44,1,76016,0,2
100001539,0,0,60,1,62597,0,1
100001540,1,1,42,2,123295,1,1
100001541,0,0,46,3,116060,1,2
100001542,0,0,20,1,26752,0,0
100001543,1,1,37,2,108063,2,0
100001544,1,1,38,0,81686,1,0
100001545,1,0,53,2,104828,1,2
100001546,0,0,35,0,51936,0,1
100001547,1,0,24,0,61732,0,0
100001548,1,0,34,2,98444,1,0
100001549,1,0,30,0,52155,0,2
100001550,0,1,52,1,68087,0,1
100001551,0,1,43,3,119944,2,1
100001552,1,0,39,1,117674,1,2
100001553,0,0,37,1,56323,0,2
100001554,1,0,45,1,84241,0,2
100001555,0,1,29,1,75709,0,1
100001556,0,0,24,0,41831,0,2
100001557,0,0,18,0,54647,1,1
100001558,0,0,49,2,119371,1,0
100001559,1,1,41,2,115853,1,2
100001560,1,1,43,3,148354,1,2
100001561,1,1,35,1,110765,1,2
100001562,1,1,55,1,124050,1,1
100001563,1,0,23,0,28928,0,2
100001564,0,1,49,2,128973,2,0
100001565,0,0,25,2,94407,1,1
100001566,0,0,29,0,51705,0,2
100001567,0,1,20,0,22419,0,2
100001568,1,1,36,2,111798,2,0
100001569,1,1,31,1,73596,0,0
100001570,1,0,40,1,92307,0,2
100001571,1,0,28,1,62381,1,0
100001572,1,0,18,0,48084,1,0
100001573,1,0,42,2,133180,2,2
100001574,0,0,50,3,148077,1,2
100001575,1,0,44,2,98433,1,1
100001576,0,0,34,0,49032,0,2
100001577,0,1,40,2,96517,2,0
100001578,1,0,18,1,56162,0,0
100001579,0,0,31,1,110589,1,1
100001580,0,1,49,2,126307,1,2
100001581,1,0,40,2,114100,1,1
100001582,0,0,24,1,81178,1,0
100001583,0,0,45,1,49783,0,0
100001584,1,0,33,2,120699,2,0
100001585,0,1,43,1,114854,1,1
100001586,0,1,18,0,44861,0,0
100001587,1,0,28,2,120971,2,2
100001588,0,1,39,1,66491,0,2
100001589,1,0,38,2,85957,1,0
100001590,1,0,41,3,138434,1,1
100001591,0,0,35,0,34544,0,0
100001592,0,0,32,2,92676,1,0
100001593,1,1,40,1,85836,1,0
100001594,0,1,45,1,78204,0,2
100001595,0,1,18,0,24462,0,1
100001596,1,1,31,2,124575,2,1
100001597,0,0,32,0,38019,0,1
100001598,1,0,37,1,73830,1,0
100001599,1,0,47,3,142748,1,1
100001600,1,1,19,0,49125,0,1
100001601,0,0,41,3,81603,1,0
100001602,1,0,18,0,29567,0,2
100001603,1,1,26,1,90377,1,1
100001604,0,0,28,1,67481,1,1
100001605,0,0,31,0,51939,0,0
100001606,0,0,27,1,83418,0,2
100001607,0,0,29,0,53926,0,0
100001608,0,0,31,1,116880,1,2
100001609,1,0,31,2,71502,1,0
100001610,0,0,18,0,32988,0,2
100001611,0,0,18,1,53750,0,2
100001612,0,0,30,2,82701,1,0
100001613,0,0,41,2,120237,1,1
100001614,1,1,47,3,125148,1,0
100001615,1,1,69,2,128887,2,0
100001616,0,0,36,0,57953,1,0
100001617,1,0,25,1,49003,0,2
100001618,1,1,37,0,68095,1,1
100001619,0,1,43,2,88563,1,1
100001620,1,0,36,1,87124,0,0
100001621,1,0,22,0,73349,1,1
100001622,0,1,34,0,37977,0,0
100001623,1,1,34,1,71917,0,2
100001624,1,0,18,0,49890,0,1
100001625,0,0,20,0,47741,0,2
100001626,0,0,49,2,131566,1,1
100001627,0,0,18,0,32875,0,0
100001628,0,1,37,1,102336,0,1
100001629,0,0,32,0,67394,0,2
100001630,0,1,51,1,71762,0,2
100001631,1,0,42,1,65801,0,2
100001632,1,0,24,0,43488,0,2
100001633,0,1,50,2,139875,1,1
100001634,0,0,28,1,68751,1,0
100001635,0,0,59,2,162809,2,2
100001636,0,1,55,3,132100,2,1
100001637,0,0,34,1,81996,0,2
100001638,1,0,44,3,100413,1,0
100001639,1,0,37,0,58663,1,0
100001640,0,0,24,0,51085,0,2
100001641,1,1,47,1,68189,1,0
100001642,1,0,40,2,148310,1,2
100001643,0,1,45,1,66441,0,2
100001644,1,0,48,1,70040,0,1
100001645,0,1,52,3,183470,2,2
100001646,0,1,47,2,153311,2,2
100001647,0,1,34,2,73513,1,2
100001648,1,0,36,2,136881,2,2
100001649,0,1,40,2,133676,2,0
100001650,1,0,33,2,113459,2,2
100001651,0,1,32,1,72652,0,2
100001652,0,1,57,3,115727,1,0
100001653,1,1,41,2,115797,2,1
100001654,1,1,57,3,151990,1,0
100001655,0,0,26,1,66356,0,0
100001656,1,0,34,1,54179,0,1
100001657,1,0,30,1,45079,0,1
100001658,0,0,30,0,51274,0,0
100001659,1,0,31,1,95439,1,2
100001660,1,1,33,0,37890,0,0
100001661,0,0,30,0,79830,1,2
100001662,1,0,56,2,111877,2,0
100001663,1,0,43,3,104687,1,0
100001664,1,0,26,0,26215,0,0
100001665,1,0,28,2,122942,1,2
100001666,1,0,44,1,82255,0,2
100001667,1,0,41,2,104316,2,0
100001668,0,0,28,2,97831,2,0
100001669,1,1,46,3,134091,1,0
100001670,1,0,18,1,51082,0,0
100001671,1,0,29,2,97759,1,2
100001672,0,1,55,3,128209,1,1
100001673,0,0,18,0,77763,1,2
100001674,0,1,33,0,46445,0,1
100001675,1,1,47,3,143425,2,1
100001676,0,0,33,1,63810,0,2
100001677,0,0,26,1,52415,1,2
100001678,1,1,24,0,80354,1,2
100001679,0,0,18,1,63434,1,0
100001680,0,0,19,1,66778,0,1
100001681,0,0,36,2,140979,1,0
100001682,0,0,28,2,119761,2,2
100001683,1,0,35,2,111115,1,1
100001684,0,0,33,0,53477,0,2
100001685,0,0,38,1,66893,0,2
100001686,0,0,18,0,20000,0,0
100001687,0,0,31,2,121734,2,2
100001688,1,0,31,0,57775,0,2
100001689,0,0,31,0,74810,0,1
100001690,0,0,24,0,56965,0,2
100001691,1,1,18,0,22449,0,0
100001692,0,1,42,2,130448,1,2
100001693,1,1,45,2,89006,1,0
100001694,0,1,63,2,135125,1,1
100001695,1,0,44,3,119959,1,0
100001696,0,0,54,3,124646,1,1
100001697,0,0,42,3,137599,1,2
100001698,0,0,30,2,134915,2,1
100001699,0,0,41,3,159604,2,2
100001700,1,0,21,0,33516,1,1
100001701,1,1,38,1,63768,1,1
100001702,1,0,34,1,92687,1,2
100001703,1,0,22,1,72356,1,1
100001704,1,1,50,2,104960,2,0
100001705,1,1,48,1,96513,0,2
100001706,1,1,40,3,140169,2,0
100001707,1,0,45,3,150850,1,2
100001708,1,1,55,3,145212,1,2
100001709,0,0,33,1,82823,0,0
100001710,0,0,19,0,37623,0,2
100001711,1,0,24,0,37438,0,1
100001712,0,0,43,2,130058,2,0
100001713,0,0,38,0,60045,0,1
100001714,1,0,18,0,20000,0,0
100001715,0,1,51,1,76157,0,2
100001716,1,0,38,0,71119,0,2
100001717,1,0,54,1,92043,0,2
100001718,0,0,48,1,86686,1,1
100001719,1,0,30,2,121685,2,2
100001720,0,0,36,0,42533,0,0
100001721,0,0,26,2,91622,1,1
100001722,1,0,25,0,58724,0,2
100001723,1,0,32,1,86211,1,0
100001724,1,0,41,2,115312,2,1
100001725,0,0,51,3,163835,1,1
100001726,1,1,25,1,55432,0,0
100001727,1,1,43,3,113515,1,0
100001728,1,1,36,2,138504,1,2
100001729,1,0,33,2,108596,1,2
100001730,0,1,49,1,68932,0,2
100001731,1,0,31,1,52421,0,2
100001732,1,0,52,3,129877,1,2
100001733,1,0,31,1,66509,1,0
100001734,1,0,24,1,40371,0,2
100001735,0,1,44,3,146326,2,2
100001736,1,0,18,0,45603,1,1
100001737,0,0,21,0,59480,0,1
100001738,0,1,33,2,114775,1,2
100001739,0,1,35,2,97474,1,2
100001740,0,0,32,0,56539,0,0
100001741,1,0,18,0,27442,0,0
100001742,0,0,19,0,29688,1,1
100001743,1,1,41,1,91263,1,1
100001744,0,1,42,1,93628,0,1
100001745,1,1,23,0,51373,0,2
100001746,0,1,39,1,52951,0,0
100001747,1,0,38,1,78382,0,2
100001748,0,0,47,2,94874,1,0
100001749,1,1,27,1,97130,1,2
100001750,0,1,53,2,140414,2,1
100001751,0,0,32,2,102780,1,2
100001752,1,1,53,1,105399,1,0
100001753,0,0,46,3,162743,2,0
100001754,0,1,23,0,47329,0,1
100001755,0,1,32,1,75635,0,0
100001756,1,0,39,2,129535,2,0
100001757,0,1,48,2,101835,1,0
100001758,0,0,19,1,63135,0,2
100001759,1,0,29,0,69260,0,1
100001760,1,0,43,1,71477,0,0
100001761,1,1,41,3,144318,1,2
100001762,0,0,23,1,42681,0,2
100001763,1,0,25,1,62552,0,0
100001764,0,0,41,2,81567,1,1
100001765,0,1,23,0,71709,0,1
100001766,0,1,38,2,109459,1,1
100001767,1,1,46,3,139240,1,1
100001768,1,1,36,1,70366,1,0
100001769,1,0,18,0,45860,0,2
100001770,0,1,49,3,120572,1,2
100001771,1,1,49,2,127485,2,2
100001772,1,1,52,3,126142,1,0
100001773,1,0,46,1,63121,0,0
100001774,0,0,18,0,34366,0,1
100001775,0,1,52,1,98433,1,1
100001776,0,0,40,3,153484,2,0
100001777,0,1,47,2,138774,2,0
100001778,0,0,34,0,79492,0,1
100001779,1,1,32,1,73566,1,0
100001780,1,0,33,2,92352,1,1
100001781,0,0,54,3,164215,2,2
100001782,0,1,39,0,86944,1,1
100001783,1,0,33,1,57332,1,0
100001784,1,0,20,0,58193,0,2
100001785,1,0,41,1,68093,0,1
100001786,1,1,36,1,67512,0,0
100001787,1,0,37,1,81914,0,2
100001788,0,1,47,1,101219,1,2
100001789,1,1,44,1,63347,0,1
100001790,1,1,35,2,110844,2,0
100001791,1,0,38,0,71265,0,1
100001792,0,1,37,0,20899,0,0
100001793,0,0,44,2,104331,1,0
100001794,0,1,44,2,135554,2,2
100001795,0,0,37,2,109337,1,2
100001796,0,1,25,1,82497,1,1
100001797,1,0,46,2,125708,1,2
100001798,0,1,46,3,126344,1,1
100001799,0,0,23,0,90367,1,2
100001800,0,1,40,3,109209,1,0
100001801,0,0,31,2,139497,1,2
100001802,1,0,18,0,38960,1,2
100001803,0,0,35,2,118307,1,0
100001804,1,1,47,1,63816,0,0
100001805,1,0,27,0,56143,1,2
100001806,1,0,27,0,32704,0,1
100001807,1,1,48,2,133347,2,2
100001808,0,0,22,0,56320,1,0
100001809,0,1,24,1,57313,0,1
100001810,0,1,32,0,77276,0,2
100001811,0,1,43,2,118490,2,0
100001812,1,1,43,3,127358,1,2
100001813,0,0,29,1,85324,1,2
100001814,1,1,32,2,107879,1,1
100001815,0,1,36,0,53908,0,1
100001816,0,0,31,2,121705,1,1
100001817,1,0,25,0,27981,0,0
100001818,0,0,22,1,79485,1,2
100001819,0,1,44,2,114392,2,0
100001820,0,0,33,1,61833,0,2
100001821,1,1,70,1,96782,0,2
100001822,1,0,43,3,130047,2,1
100001823,0,0,26,1,26779,0,1
100001824,0,0,35,0,20000,0,0
100001825,0,1,39,0,65526,1,2
100001826,0,0,40,1,23256,0,0
100001827,1,0,41,1,58019,0,1
100001828,0,0,41,2,142254,2,2
100001829,1,0,34,1,88533,1,1
100001830,1,0,43,3,125349,2,2
100001831,1,0,61,1,63016,0,1
100001832,0,0,30,0,45573,0,2
100001833,1,0,31,1,57596,0,2
100001834,0,0,44,3,138223,1,2
100001835,1,0,50,3,136410,1,2
100001836,1,1,45,2,103230,1,0
100001837,1,0,50,2,135533,2,2
100001838,0,0,35,2,121332,1,2
100001839,1,0,33,0,50957,0,1
100001840,1,0,43,3,160234,1,1
100001841,0,0,43,1,74842,0,0
100001842,1,1,55,3,134191,1,1
100001843,0,0,54,2,124742,2,0
100001844,1,0,18,0,20645,0,0
100001845,1,0,45,3,100794,1,0
100001846,1,1,27,0,47288,0,1
100001847,0,0,18,0,45205,0,1
100001848,0,0,40,1,93124,0,1
100001849,1,1,33,1,97225,1,2
100001850,0,0,31,1,96883,1,1
100001851,0,1,20,0,52202,0,2
100001852,0,1,23,0,38832,0,1
100001853,1,0,33,1,73062,0,1
100001854,0,0,18,0,38858,0,0
100001855,1,0,34,0,67279,1,1
100001856,1,0,37,1,72541,0,2
100001857,1,1,33,1,55197,0,0
100001858,1,0,39,1,31373,0,0
100001859,0,0,34,1,62450,0,0
100001860,1,0,21,0,27292,0,2
100001861,0,0,23,0,76441,0,1
100001862,0,1,37,0,43181,0,0
100001863,0,1,47,1,80654,0,1
100001864,0,0,37,1,81920,0,2
100001865,1,0,29,2,63403,1,0
100001866,0,1,37,2,118535,1,0
100001867,1,0,18,1,44361,0,1
100001868,1,0,23,0,67141,0,2
100001869,0,0,31,2,119317,1,1
100001870,0,1,34,1,80577,0,1
100001871,0,0,31,2,64334,1,2
100001872,0,0,32,2,74974,1,0
100001873,0,0,21,0,34568,0,1
100001874,1,1,28,2,97945,2,1
100001875,0,1,38,1,69103,0,1
100001876,1,0,18,0,54430,0,0
100001877,1,0,21,0,51895,0,0
100001878,1,1,31,0,51059,0,2
100001879,0,1,53,3,115246,1,1
100001880,0,1,43,3,127484,1,0
100001881,1,1,54,1,85843,0,0
100001882,1,1,51,3,134176,1,2
100001883,1,0,30,0,43462,0,2
100001884,0,0,34,2,117317,1,0
100001885,0,0,21,0,75178,0,2
100001886,1,1,49,3,140058,1,0
100001887,0,1,44,1,95100,0,2
100001888,0,1,42,3,124963,1,2
100001889,0,0,43,2,113241,1,1
100001890,1,0,41,3,117739,2,0
100001891,0,1,38,1,121655,1,2
100001892,1,1,38,1,53436,0,1
100001893,0,0,49,2,113905,2,0
100001894,0,0,26,1,63861,0,2
100001895,1,0,23,0,68200,1,2
100001896,1,0,35,1,89599,0,1
100001897,0,1,49,1,83109,0,0
100001898,1,1,38,0,70870,1,2
100001899,0,0,33,0,83773,1,2
100001900,1,0,45,1,79788,0,1
100001901,1,0,36,2,138023,2,0
100001902,0,0,18,1,29044,0,1
100001903,0,0,23,1,57340,0,2
100001904,0,0,18,1,30082,0,0
100001905,0,1,32,0,80944,1,2
100001906,1,0,30,2,120184,1,2
100001907,1,1,40,2,131458,2,2
100001908,1,1,60,2,183708,2,2
100001909,0,0,28,0,24308,0,0
100001910,1,1,35,0,46687,0,0
100001911,1,0,30,0,66272,1,2
100001912,0,0,18,0,20000,0,1
100001913,0,1,26,1,61592,0,2
100001914,0,1,26,2,107950,2,0
100001915,1,1,38,1,87249,1,2
100001916,0,0,25,2,92119,1,2
100001917,1,0,20,0,31449,0,0
100001918,0,0,42,1,70511,0,2
100001919,0,1,34,0,57721,0,0
100001920,1,0,24,0,44796,0,0
100001921,1,0,26,0,38091,0,0
100001922,1,1,31,0,72779,0,2
100001923,1,1,45,1,49422,0,2
100001924,0,0,52,2,101303,1,1
100001925,1,0,19,0,79011,1,1
100001926,1,1,49,2,99919,1,1
100001927,1,0,36,2,117717,1,1
100001928,1,1,39,0,74256,1,0
100001929,0,0,47,1,90733,1,0
100001930,1,0,24,1,63660,0,2
100001931,0,0,45,2,84384,1,0
100001932,1,1,19,0,20000,0,1
100001933,0,1,30,1,28989,0,0
100001934,0,0,25,1,93860,1,2
100001935,1,0,55,2,129668,2,0
100001936,0,1,55,1,107953,1,1
100001937,1,0,44,3,119106,2,0
100001938,0,0,41,2,107605,1,1
100001939,0,0,29,2,121914,1,2
100001940,0,1,56,3,142314,2,1
100001941,1,0,52,1,85121,1,0
100001942,1,0,46,1,62245,0,0
100001943,1,0,34,2,132715,1,1
100001944,0,0,31,1,73112,0,0
100001945,1,1,34,2,138973,1,2
100001946,0,0,51,2,183234,2,2
100001947,1,1,24,0,39621,0,1
100001948,1,0,37,1,73560,0,1
100001949,0,1,55,1,38855,0,0
100001950,1,1,46,2,104501,1,0
100001951,0,0,56,3,117975,1,0
100001952,1,0,40,2,114697,1,2
100001953,0,0,40,3,130764,1,2
100001954,1,0,52,1,55400,0,2
100001955,1,0,43,1,70166,0,0
100001956,0,1,39,0,56006,0,2
100001957,0,0,29,0,35304,0,2
100001958,1,0,18,1,35540,0,0
100001959,0,1,53,3,142895,1,1
100001960,0,1,30,0,65087,1,2
100001961,0,0,27,2,136158,2,1
100001962,0,1,46,3,124806,1,0
100001963,0,1,25,2,112673,2,1
100001964,0,0,19,1,46464,0,2
100001965,1,1,29,0,40588,0,2
100001966,0,0,35,1,94768,1,0
100001967,0,0,39,1,76566,0,2
100001968,0,1,42,1,82755,0,2
100001969,0,0,47,1,87117,0,2
100001970,0,0,34,1,69570,0,0
100001971,1,0,40,3,130836,1,1
100001972,1,0,34,1,67160,0,2
100001973,1,0,28,1,56529,0,0
100001974,1,0,40,3,124661,1,2
100001975,0,1,40,1,77547,0,1
100001976,1,1,58,3,130673,2,1
100001977,1,0,43,2,115486,2,0
100001978,1,0,27,1,86957,0,2
100001979,0,1,43,2,87366,1,1
100001980,1,0,33,0,30266,0,0
100001981,0,1,54,1,103693,1,1
100001982,1,1,18,0,45845,1,2
100001983,1,0,28,0,45569,0,1
100001984,1,1,28,2,111066,2,0
100001985,0,0,37,2,113372,1,1
100001986,1,0,34,0,51969,0,1
100001987,0,1,18,0,40927,0,1
100001988,0,0,18,0,41814,1,0
100001989,1,0,38,0,56293,0,1
100001990,1,1,53,1,75532,0,0
100001991,0,0,53,2,113751,1,0
100001992,0,0,31,1,85313,1,0
100001993,1,1,41,3,143460,2,0
100001994,0,0,25,1,59750,0,0
100001995,0,0,18,0,48702,0,2
100001996,0,1,50,3,140569,2,0
100001997,1,1,44,2,99855,1,1
100001998,1,0,32,1,65092,0,0
100001999,1,0,31,2,136034,2,1
100002000,0,0,47,2,110721,1,2
